jugador_id,nombre,equipo_en_nuestros_datos,estado,motivo
248112,Abdou Diallo,Senegal,necesita_revision_manual,nombre_ambiguo
526988,Abdoul Koné,Reims,necesita_revision_manual,nombre_ambiguo
498812,Abdoulaye Faye,Lorient,necesita_revision_manual,nombre_ambiguo
447872,Abdoulaye Keita,Getafe,necesita_revision_manual,nombre_ambiguo
244795,Abdoulaye Seck,Senegal,necesita_revision_manual,nombre_ambiguo
128880,Abdoulaye Touré,Le Havre,necesita_revision_manual,nombre_ambiguo
111987,Abdulaziz Hatem,Qatar,necesita_revision_manual,sin_candidatos_exactos
447546,Abolfazl Jalali,Iran,necesita_revision_manual,nombre_ambiguo
517987,Aboubacar Ali Abdallah,Strasbourg,necesita_revision_manual,sin_candidatos_exactos
502951,Aboubakar Nagida,Rennes,necesita_revision_manual,sin_candidatos_exactos
435987,Abu Kamara,Getafe,necesita_revision_manual,nombre_ambiguo
136460,Adam Armstrong,Wolves,necesita_revision_manual,nombre_ambiguo
109922,Adam Webster,Brighton,necesita_revision_manual,nombre_ambiguo
140088,Adama Traoré,West Ham,necesita_revision_manual,nombre_ambiguo
382159,Adrien Lebeau,Brest,necesita_revision_manual,nombre_ambiguo
448041,Adrià Alti,Villarreal,necesita_revision_manual,sin_candidatos_exactos
73399,Adrián,Real Betis,necesita_revision_manual,sin_candidatos_exactos
519104,Adrián Liso,Getafe,necesita_revision_manual,nombre_ambiguo
447568,Ahmad Noorollahi,Iran,necesita_revision_manual,sin_candidatos_exactos
458143,Ahmed Basil,Iraq,necesita_revision_manual,sin_candidatos_exactos
512984,Akam Hashim,Iraq,necesita_revision_manual,sin_candidatos_exactos
381792,Al Musrati,Verona,necesita_revision_manual,sin_candidatos_exactos
113275,Alberto Moreno,Como,necesita_revision_manual,nombre_ambiguo
93543,Alberto Perea,Granada,necesita_revision_manual,nombre_ambiguo
280663,Aleix García,Bayer Leverkusen,necesita_revision_manual,nombre_ambiguo
302991,Alejandro Romero,Paraguay,necesita_revision_manual,nombre_ambiguo
115279,Aleksandar Mitrovic,Fulham,necesita_revision_manual,nombre_ambiguo
403916,Aleksandar Radovanovic,Almeria,necesita_revision_manual,nombre_ambiguo
459075,Aleksandar Stankovic,Club Brugge,necesita_revision_manual,nombre_ambiguo
120151,Alen Halilovic,Fortuna Sittard,necesita_revision_manual,nombre_ambiguo
550174,Alessandro Romano,Roma,necesita_revision_manual,nombre_ambiguo
446956,Alessandro Sorrentino,Monza,necesita_revision_manual,nombre_ambiguo
238899,Alex Berenguer,Athletic Club,necesita_revision_manual,nombre_ambiguo
502567,Alex Matos,Chelsea,necesita_revision_manual,nombre_ambiguo
25244,Alexis Sánchez,Sevilla,necesita_revision_manual,nombre_ambiguo
276489,Alfonso Pedraza,Villarreal,necesita_revision_manual,nombre_ambiguo
94824,Alfredo Morales,St. Louis City,necesita_revision_manual,nombre_ambiguo
403771,Ali Alipour,Iran,necesita_revision_manual,nombre_ambiguo
142981,Ali Assadalla,Qatar,necesita_revision_manual,sin_candidatos_exactos
400303,Ali Gholizadeh,Iran,necesita_revision_manual,nombre_ambiguo
129402,Ali Karimi,Iran,necesita_revision_manual,nombre_ambiguo
560831,Ali Nemati,Iran,necesita_revision_manual,nombre_ambiguo
361707,Altay Bayindir,Man Utd,necesita_revision_manual,sin_candidatos_exactos
547086,Amadou Cissé,Strasbourg,necesita_revision_manual,nombre_ambiguo
444998,Amadou Diallo,Newcastle,necesita_revision_manual,nombre_ambiguo
506913,Amadou Koné,Reims,necesita_revision_manual,nombre_ambiguo
456785,Amir Ismaïl,SC Heerenveen,necesita_revision_manual,nombre_ambiguo
447548,Amirhossein Hosseinzadeh,Iran,necesita_revision_manual,nombre_ambiguo
554095,Anderson Rosa,Colorado Rapids,necesita_revision_manual,nombre_ambiguo
112272,Andrea Belotti,Cagliari,necesita_revision_manual,nombre_ambiguo
483648,Andrea Mazza,Monza,necesita_revision_manual,nombre_ambiguo
442401,Andreas Müller,Darmstadt,necesita_revision_manual,nombre_ambiguo
137250,Andrija Zivkovic,Serbia,necesita_revision_manual,nombre_ambiguo
397585,André,Wolves,necesita_revision_manual,sin_candidatos_exactos
364187,André Ferreira,Real Valladolid,necesita_revision_manual,nombre_ambiguo
118123,André Gomes,Lille,necesita_revision_manual,nombre_ambiguo
98101,André Ramalho,PSV Eindhoven,necesita_revision_manual,nombre_ambiguo
299460,André Silva,Elche,necesita_revision_manual,nombre_ambiguo
469329,Andrés García,Aston Villa,necesita_revision_manual,nombre_ambiguo
343981,Ante Erceg,Fortuna Sittard,necesita_revision_manual,nombre_ambiguo
71833,Anthony Lopes,Nantes,necesita_revision_manual,nombre_ambiguo
90003,Anthony Lozano,Almeria,necesita_revision_manual,sin_candidatos_exactos
533548,Anthony Ramírez,FC Dallas,necesita_revision_manual,nombre_ambiguo
579163,Armando González,Mexico,necesita_revision_manual,nombre_ambiguo
499591,Artem Smoliakov,Los Angeles FC,necesita_revision_manual,sin_candidatos_exactos
437724,Arthur,Bayer Leverkusen,necesita_revision_manual,sin_candidatos_exactos
33386,Ashley Barnes,Burnley,necesita_revision_manual,nombre_ambiguo
8166,Ashley Young,Everton,necesita_revision_manual,nombre_ambiguo
317508,Attila Szalai,Freiburg,necesita_revision_manual,nombre_ambiguo
287504,Ben Godfrey,Ipswich,necesita_revision_manual,nombre_ambiguo
492692,Ben Parkinson,Newcastle,necesita_revision_manual,nombre_ambiguo
492543,Benicio Baker-Boaitey,Brighton,necesita_revision_manual,sin_candidatos_exactos
89928,Benjamin Lecomte,Montpellier,necesita_revision_manual,nombre_ambiguo
105962,Benjamin Mendy,Lorient,necesita_revision_manual,nombre_ambiguo
136741,Bernardo Silva,Portugal,necesita_revision_manual,nombre_ambiguo
422796,Bertug Yildirim,Rennes,necesita_revision_manual,sin_candidatos_exactos
514321,Bob Omoregbe,AC Milan,necesita_revision_manual,sin_candidatos_exactos
450021,Bobby Clark,Liverpool,necesita_revision_manual,nombre_ambiguo
461767,Borja Sánchez,Real Oviedo,necesita_revision_manual,nombre_ambiguo
386612,Boubacar Traoré,Metz,necesita_revision_manual,nombre_ambiguo
141414,Brad Smith,FC Cincinnati,necesita_revision_manual,nombre_ambiguo
382284,Brayan Vera,Real Salt Lake,necesita_revision_manual,nombre_ambiguo
339723,Brenner,FC Cincinnati,necesita_revision_manual,nombre_ambiguo
105198,Brice Samba,Rennes,necesita_revision_manual,nombre_ambiguo
123761,Bruno Fernandes,Portugal,necesita_revision_manual,nombre_ambiguo
373514,Bruno Méndez,Granada,necesita_revision_manual,nombre_ambiguo
320313,Caio Henrique,Monaco,necesita_revision_manual,nombre_ambiguo
397568,Calebe,Deportivo Alaves,necesita_revision_manual,nombre_ambiguo
134115,Callum Wilson,West Ham,necesita_revision_manual,nombre_ambiguo
496971,Camilo Durán,Qarabag FK,necesita_revision_manual,nombre_ambiguo
53362,Camilo Vargas,Colombia,necesita_revision_manual,nombre_ambiguo
135813,Carl Johansson,Holstein Kiel,necesita_revision_manual,nombre_ambiguo
374869,Carles Pérez,Getafe,necesita_revision_manual,nombre_ambiguo
347051,Carlos Coronel,Red Bull New York,necesita_revision_manual,nombre_ambiguo
415344,Carlos Domínguez,Celta Vigo,necesita_revision_manual,nombre_ambiguo
140812,Carlos Fernández,Real Sociedad,necesita_revision_manual,nombre_ambiguo
113933,Carlos Gruezo,Ecuador,necesita_revision_manual,nombre_ambiguo
536736,Carlos Guirao,Real Betis,necesita_revision_manual,nombre_ambiguo
363077,Carlos Vinícius,Fulham,necesita_revision_manual,nombre_ambiguo
88526,Casemiro,Brazil,necesita_revision_manual,nombre_ambiguo
409261,Chaka Traorè,AC Milan,necesita_revision_manual,nombre_ambiguo
107462,Charlie Taylor,Southampton,necesita_revision_manual,nombre_ambiguo
430295,Charlie Webster,SC Heerenveen,necesita_revision_manual,nombre_ambiguo
421894,Chiquinho,Mallorca,necesita_revision_manual,nombre_ambiguo
443666,Chris Kouakou,Qarabag FK,necesita_revision_manual,sin_candidatos_exactos
77445,Christian Groß,Werder Bremen,necesita_revision_manual,nombre_ambiguo
39516,Christian Gytkjær,Venezia,necesita_revision_manual,sin_candidatos_exactos
334429,Christian Ramirez,LA Galaxy,necesita_revision_manual,nombre_ambiguo
449301,Christian Rasmussen,Ajax,necesita_revision_manual,nombre_ambiguo
102365,Christoph Kramer,Borussia M.Gladbach,necesita_revision_manual,nombre_ambiguo
228569,Christoph Zimmermann,Darmstadt,necesita_revision_manual,nombre_ambiguo
510583,Christos Papadopoulos,Genoa,necesita_revision_manual,nombre_ambiguo
14199,Claudio Bravo,Real Betis,necesita_revision_manual,nombre_ambiguo
302984,Claudio Bravo,Portland Timbers,necesita_revision_manual,nombre_ambiguo
395954,Costinha,Olympiacos,necesita_revision_manual,nombre_ambiguo
343450,Cristian Arango,San Jose Earthquakes,necesita_revision_manual,nombre_ambiguo
35776,Cristian Gamboa,Bochum,necesita_revision_manual,nombre_ambiguo
137587,Cristian Herrera,Las Palmas,necesita_revision_manual,nombre_ambiguo
69945,Cédric Soares,Arsenal,necesita_revision_manual,nombre_ambiguo
401721,César Blackman,Panama,necesita_revision_manual,nombre_ambiguo
363187,Damian Szymanski,Poland,necesita_revision_manual,nombre_ambiguo
438846,Damián Rodríguez,Celta Vigo,necesita_revision_manual,nombre_ambiguo
134543,Dan Bentley,Wolves,necesita_revision_manual,sin_candidatos_exactos
5780,Dani Alves,Brazil,necesita_revision_manual,nombre_ambiguo
400358,Dani Gómez,Valencia,necesita_revision_manual,nombre_ambiguo
28186,Dani Parejo,Villarreal,necesita_revision_manual,nombre_ambiguo
413720,Dani Pereira,Austin FC,necesita_revision_manual,sin_candidatos_exactos
462987,Dani Pérez,Real Betis,necesita_revision_manual,nombre_ambiguo
6227,Dani Rodríguez,Mallorca,necesita_revision_manual,nombre_ambiguo
483209,Dani Rodríguez,Barcelona,necesita_revision_manual,nombre_ambiguo
437999,Dani Silva,Verona,necesita_revision_manual,nombre_ambiguo
323851,Daniel,San Jose Earthquakes,necesita_revision_manual,sin_candidatos_exactos
467768,Daniel Gore,Man Utd,necesita_revision_manual,sin_candidatos_exactos
404258,Daniel Peretz,Bayern Munchen,necesita_revision_manual,nombre_ambiguo
393104,Daniel Ríos,Vancouver Whitecaps,necesita_revision_manual,nombre_ambiguo
88300,Danilo,Brazil,necesita_revision_manual,nombre_ambiguo
367522,Danilo,NEC Nijmegen,necesita_revision_manual,nombre_ambiguo
64271,Danilo D'Ambrosio,Monza,necesita_revision_manual,nombre_ambiguo
94891,Danilo Pereira,Paris Saint-Germain,necesita_revision_manual,nombre_ambiguo
399250,Danilo Santos,Brazil,necesita_revision_manual,nombre_ambiguo
122972,Danny Bakker,Telstar,necesita_revision_manual,nombre_ambiguo
99165,Danny Ward,Leicester,necesita_revision_manual,nombre_ambiguo
469984,Daouda Traoré,Nice,necesita_revision_manual,nombre_ambiguo
460178,Darius Johnson,FC Volendam,necesita_revision_manual,nombre_ambiguo
389242,David Ayala,Portland Timbers,necesita_revision_manual,nombre_ambiguo
99315,David Bingham,Charlotte FC,necesita_revision_manual,nombre_ambiguo
240874,David García,Osasuna,necesita_revision_manual,nombre_ambiguo
347648,David Martínez,Inter Miami CF,necesita_revision_manual,nombre_ambiguo
373045,David Ochoa,Los Angeles FC,necesita_revision_manual,nombre_ambiguo
565868,David Santos,Bayern Munchen,necesita_revision_manual,nombre_ambiguo
432187,Demba Seck,Frosinone,necesita_revision_manual,nombre_ambiguo
528450,Deniz Gül,Turkiye,necesita_revision_manual,nombre_ambiguo
91088,Dennis Appiah,Saint-Etienne,necesita_revision_manual,nombre_ambiguo
444711,Derry John Murkin,FC Utrecht,necesita_revision_manual,sin_candidatos_exactos
448226,Diego García,Leganes,necesita_revision_manual,nombre_ambiguo
515129,Diego García,FC Dallas,necesita_revision_manual,nombre_ambiguo
554951,Diego Martín,Las Palmas,necesita_revision_manual,sin_candidatos_exactos
354089,Diego Rossi,Columbus Crew,necesita_revision_manual,nombre_ambiguo
97070,Diego Rubio,Austin FC,necesita_revision_manual,nombre_ambiguo
373842,Diogo Costa,Portugal,necesita_revision_manual,nombre_ambiguo
343029,Diogo Gonçalves,Real Salt Lake,necesita_revision_manual,nombre_ambiguo
361852,Diogo Leite,Union Berlin,necesita_revision_manual,nombre_ambiguo
492324,Diogo Nascimento,Olympiacos,necesita_revision_manual,nombre_ambiguo
10454,Djibril Sidibé,Toulouse,necesita_revision_manual,nombre_ambiguo
115097,Douglas Santos,Brazil,necesita_revision_manual,nombre_ambiguo
602896,Eder García,Athletic Club,necesita_revision_manual,nombre_ambiguo
121774,Ederson,Man City,necesita_revision_manual,nombre_ambiguo
416791,Edwin Mosquera,Atlanta United,necesita_revision_manual,nombre_ambiguo
243195,Egor Sorokin,Kairat Almaty,necesita_revision_manual,nombre_ambiguo
37684,Ehsan Hajisafi,Iran,necesita_revision_manual,sin_candidatos_exactos
602164,Elías Legendre,Rennes,necesita_revision_manual,sin_candidatos_exactos
359442,Emil Ceïde,Sassuolo,necesita_revision_manual,sin_candidatos_exactos
334533,Emil Hansson,Excelsior,necesita_revision_manual,nombre_ambiguo
568284,Emirhan Demircan,FC Utrecht,necesita_revision_manual,nombre_ambiguo
469054,Emiro Garcés,LA Galaxy,necesita_revision_manual,sin_candidatos_exactos
143526,Emmanuel Gyasi,Empoli,necesita_revision_manual,nombre_ambiguo
381504,Erencan Yardimci,Hoffenheim,necesita_revision_manual,sin_candidatos_exactos
115916,Fabinho,Brazil,necesita_revision_manual,nombre_ambiguo
344047,Fabio González,Las Palmas,necesita_revision_manual,nombre_ambiguo
128605,Federico Di Francesco,Lecce,necesita_revision_manual,nombre_ambiguo
141641,Federico San Emeterio,Cadiz,necesita_revision_manual,sin_candidatos_exactos
526962,Fellipe Jack Ozilio Moreira Pacheco,Como,necesita_revision_manual,sin_candidatos_exactos
135328,Fernando Martínez,Almeria,necesita_revision_manual,nombre_ambiguo
494586,Fernando Álvarez,CF Montreal,necesita_revision_manual,nombre_ambiguo
377182,Filip Jagiello,Genoa,necesita_revision_manual,sin_candidatos_exactos
105995,Filip Kostic,Juventus,necesita_revision_manual,nombre_ambiguo
383865,Filip Stevanovic,RKC Waalwijk,necesita_revision_manual,nombre_ambiguo
372870,Finn Becker,Hoffenheim,necesita_revision_manual,nombre_ambiguo
331197,Florian Dietz,FC Koln,necesita_revision_manual,nombre_ambiguo
474181,Fode Sylla,Lens,necesita_revision_manual,nombre_ambiguo
422764,Fodé Fofana,Vitesse,necesita_revision_manual,nombre_ambiguo
422957,Fran García,Real Madrid,necesita_revision_manual,nombre_ambiguo
67834,Francesco Caputo,Empoli,necesita_revision_manual,nombre_ambiguo
323654,Franco Negri,San Diego FC,necesita_revision_manual,nombre_ambiguo
102439,Franco Vázquez,Cremonese,necesita_revision_manual,nombre_ambiguo
114397,Fred,Brazil,necesita_revision_manual,nombre_ambiguo
322087,Fredrik Jensen,Augsburg,necesita_revision_manual,nombre_ambiguo
417722,Félix Torres,Ecuador,necesita_revision_manual,nombre_ambiguo
76810,Gabriel Paulista,Atletico,necesita_revision_manual,nombre_ambiguo
424368,Gabriel Vidovic,Bayern Munchen,necesita_revision_manual,nombre_ambiguo
432458,Gastón Álvarez,Getafe,necesita_revision_manual,nombre_ambiguo
238698,Genki Haraguchi,VfB Stuttgart,necesita_revision_manual,nombre_ambiguo
393107,George Campbell,CF Montreal,necesita_revision_manual,nombre_ambiguo
383604,George Cox,FC Volendam,necesita_revision_manual,nombre_ambiguo
248013,Georgios Kyriakopoulos,Monza,necesita_revision_manual,nombre_ambiguo
276983,Ghaylène Chaalali,Tunisia,necesita_revision_manual,sin_candidatos_exactos
40384,Giacomo Bonaventura,Fiorentina,necesita_revision_manual,nombre_ambiguo
402749,Gideon Mensah,Ghana,necesita_revision_manual,nombre_ambiguo
446129,Gilberto Flores,FC Cincinnati,necesita_revision_manual,nombre_ambiguo
550680,Gilberto Mora,Mexico,necesita_revision_manual,nombre_ambiguo
516040,Giovanni Leoni,Parma Calcio 1913,necesita_revision_manual,nombre_ambiguo
395802,Gonçalo Ramos,Portugal,necesita_revision_manual,nombre_ambiguo
422719,Guilherme Ramos,Hamburger SV,necesita_revision_manual,nombre_ambiguo
470924,Guillermo Martínez,Mexico,necesita_revision_manual,nombre_ambiguo
433247,Gustavo Velázquez,Paraguay,necesita_revision_manual,nombre_ambiguo
485295,Hadj Mahmoud,Tunisia,necesita_revision_manual,sin_candidatos_exactos
473871,Hamady Diop,San Diego FC,necesita_revision_manual,nombre_ambiguo
549425,Harbor Tarczynski-Miller,LA Galaxy,necesita_revision_manual,sin_candidatos_exactos
119642,Haris Tabakovic,Bosnia and Herzegovina,necesita_revision_manual,nombre_ambiguo
333044,Harry Wilson,Fulham,necesita_revision_manual,nombre_ambiguo
132704,Henrique,Real Valladolid,necesita_revision_manual,sin_candidatos_exactos
424769,Henrique Araújo,Benfica,necesita_revision_manual,nombre_ambiguo
101958,Hernani,Parma Calcio 1913,necesita_revision_manual,nombre_ambiguo
372677,Hernán López,San Jose Earthquakes,necesita_revision_manual,nombre_ambiguo
422717,Hiroki Ito,Japan,necesita_revision_manual,nombre_ambiguo
62108,Hiroki Sakai,Japan,necesita_revision_manual,nombre_ambiguo
83852,Hong Chul,South Korea,necesita_revision_manual,sin_candidatos_exactos
447545,Hossein Hosseini,Iran,necesita_revision_manual,nombre_ambiguo
457078,Hossein Kanani,Iran,necesita_revision_manual,sin_candidatos_exactos
409730,Hugo Bueno,Wolves,necesita_revision_manual,nombre_ambiguo
427117,Hugo González,Celta Vigo,necesita_revision_manual,nombre_ambiguo
427001,Hugo Álvarez,Celta Vigo,necesita_revision_manual,nombre_ambiguo
406536,Hussein Ali,Iraq,necesita_revision_manual,nombre_ambiguo
127571,Hwang Ui-Jo,South Korea,necesita_revision_manual,sin_candidatos_exactos
103476,Héctor Herrera,Mexico,necesita_revision_manual,nombre_ambiguo
493061,Hélio Varela,Cabo Verde,necesita_revision_manual,nombre_ambiguo
355705,Iago Borduchi,Augsburg,necesita_revision_manual,sin_candidatos_exactos
549430,Ian James,Sporting Kansas City,necesita_revision_manual,sin_candidatos_exactos
450474,Ibrahim Adel,Egypt,necesita_revision_manual,nombre_ambiguo
607607,Ibrahim Diabate,Deportivo Alaves,necesita_revision_manual,nombre_ambiguo
430306,Ibrahim Diakité,Reims,necesita_revision_manual,nombre_ambiguo
519755,Ibrahim Osman,Auxerre,necesita_revision_manual,nombre_ambiguo
442915,Ibrahim Salah,Rennes,necesita_revision_manual,nombre_ambiguo
450539,Ibrahim Sissoko,Saint-Etienne,necesita_revision_manual,nombre_ambiguo
345957,Ibrahima Konaté,France,necesita_revision_manual,nombre_ambiguo
342542,Ibrahima Niane,Angers,necesita_revision_manual,nombre_ambiguo
80464,Idrissa Gueye,Senegal,necesita_revision_manual,nombre_ambiguo
303017,Igor Silva,Lorient,necesita_revision_manual,nombre_ambiguo
526566,Ilhan Fakili,Clermont Foot,necesita_revision_manual,sin_candidatos_exactos
296723,Ionut Radu,Celta Vigo,necesita_revision_manual,nombre_ambiguo
538460,Ismael Konaté,Empoli,necesita_revision_manual,nombre_ambiguo
27356,Ismaël Traoré,Metz,necesita_revision_manual,nombre_ambiguo
508330,Israel Domínguez,Sevilla,necesita_revision_manual,sin_candidatos_exactos
418212,Ivan Basic,Bosnia and Herzegovina,necesita_revision_manual,nombre_ambiguo
278722,Iván Sánchez,Real Valladolid,necesita_revision_manual,nombre_ambiguo
323350,Iván Villar,Celta Vigo,necesita_revision_manual,nombre_ambiguo
106885,Iñigo Martínez,Barcelona,necesita_revision_manual,nombre_ambiguo
317896,Jack Harrison,Fiorentina,necesita_revision_manual,nombre_ambiguo
280210,Jack Hendry,Scotland,necesita_revision_manual,nombre_ambiguo
86594,Jack Robinson,Sheff Utd,necesita_revision_manual,nombre_ambiguo
486737,Jacob Christensen,FC Koln,necesita_revision_manual,nombre_ambiguo
318314,Jailson,Los Angeles FC,necesita_revision_manual,nombre_ambiguo
401352,Jakub Kaminski,FC Koln,necesita_revision_manual,nombre_ambiguo
4511,James Milner,Brighton,necesita_revision_manual,nombre_ambiguo
132017,Jannik Müller,Darmstadt,necesita_revision_manual,nombre_ambiguo
428593,Javi Llabrés,Mallorca,necesita_revision_manual,nombre_ambiguo
391040,Javi Martínez,Osasuna,necesita_revision_manual,nombre_ambiguo
508331,Javi Rodríguez,Celta Vigo,necesita_revision_manual,nombre_ambiguo
362276,Javi Sánchez,Real Valladolid,necesita_revision_manual,nombre_ambiguo
469332,Jayden Reid,St. Louis City,necesita_revision_manual,nombre_ambiguo
440084,Jeffinho,Lyon,necesita_revision_manual,nombre_ambiguo
576496,Jeremiah Mensah,Bayer Leverkusen,necesita_revision_manual,nombre_ambiguo
136130,Jeremías Ledesma,Cadiz,necesita_revision_manual,sin_candidatos_exactos
90310,Jesús Corona,Sevilla,necesita_revision_manual,nombre_ambiguo
447275,Jewison Bennette,Costa Rica,necesita_revision_manual,nombre_ambiguo
136904,Jhon Córdoba,Colombia,necesita_revision_manual,nombre_ambiguo
445345,Jhon Solís,Girona,necesita_revision_manual,nombre_ambiguo
320565,Joakim Nilsson,St. Louis City,necesita_revision_manual,nombre_ambiguo
125378,Joaquín Correa,Inter,necesita_revision_manual,nombre_ambiguo
365371,Joaquín Fernández,Sporting Kansas City,necesita_revision_manual,nombre_ambiguo
395377,Joe Bell,New Zealand,necesita_revision_manual,nombre_ambiguo
425059,Joe White,Newcastle,necesita_revision_manual,nombre_ambiguo
104899,John Anthony Brooks,Hoffenheim,necesita_revision_manual,sin_candidatos_exactos
108632,John Egan,Sheff Utd,necesita_revision_manual,nombre_ambiguo
27687,Johnny Russell,Real Salt Lake,necesita_revision_manual,nombre_ambiguo
115163,Jonas Hofmann,Bayer Leverkusen,necesita_revision_manual,nombre_ambiguo
92792,Jonas Martin,Brest,necesita_revision_manual,nombre_ambiguo
353565,Jonas Wind,Wolfsburg,necesita_revision_manual,nombre_ambiguo
413770,Jonathan Pérez,Nashville SC,necesita_revision_manual,nombre_ambiguo
282857,Jonathan Rodríguez,Portland Timbers,necesita_revision_manual,nombre_ambiguo
22079,Jonny Evans,Man Utd,necesita_revision_manual,nombre_ambiguo
427469,Jordan James,Rennes,necesita_revision_manual,nombre_ambiguo
422964,Jorge Moreno,Osasuna,necesita_revision_manual,nombre_ambiguo
447643,Jorge Sánchez,Mexico,necesita_revision_manual,nombre_ambiguo
106968,Jorginho,Arsenal,necesita_revision_manual,nombre_ambiguo
74603,Joselu,Real Madrid,necesita_revision_manual,nombre_ambiguo
320713,Joseph Aidoo,Celta Vigo,necesita_revision_manual,nombre_ambiguo
81026,Joshua King,Toulouse,necesita_revision_manual,nombre_ambiguo
279698,José Arnáiz,Osasuna,necesita_revision_manual,sin_candidatos_exactos
91214,José Campaña,Las Palmas,necesita_revision_manual,nombre_ambiguo
135321,José Luis Morales,Levante,necesita_revision_manual,nombre_ambiguo
293996,José Machín,Monza,necesita_revision_manual,sin_candidatos_exactos
118481,José Mari Martín,Cadiz,necesita_revision_manual,sin_candidatos_exactos
402092,José Salinas,Espanyol,necesita_revision_manual,nombre_ambiguo
369557,Jota,Rennes,necesita_revision_manual,nombre_ambiguo
504418,João Costa,Roma,necesita_revision_manual,nombre_ambiguo
380681,João Ferreira,Udinese,necesita_revision_manual,nombre_ambiguo
362431,João Félix,Portugal,necesita_revision_manual,nombre_ambiguo
403693,João Gomes,Wolves,necesita_revision_manual,nombre_ambiguo
125476,João Mário,Portugal,necesita_revision_manual,nombre_ambiguo
431439,João Paulo,Cabo Verde,necesita_revision_manual,nombre_ambiguo
104866,João Paulo,Seattle Sounders FC,necesita_revision_manual,nombre_ambiguo
96566,Juan Cruz,Osasuna,necesita_revision_manual,nombre_ambiguo
357786,Juan Cruz,Leganes,necesita_revision_manual,nombre_ambiguo
84603,Juan Jesus,Napoli,necesita_revision_manual,nombre_ambiguo
446158,Juan Vargas,Costa Rica,necesita_revision_manual,nombre_ambiguo
140803,Juanpe,Girona,necesita_revision_manual,nombre_ambiguo
141845,Jubal,Auxerre,necesita_revision_manual,nombre_ambiguo
141556,Julian Brandt,Borussia Dortmund,necesita_revision_manual,nombre_ambiguo
142318,Julian Weigl,Borussia M.Gladbach,necesita_revision_manual,nombre_ambiguo
294502,Julien Laporte,Lorient,necesita_revision_manual,nombre_ambiguo
605436,Julio Díaz,Atletico,necesita_revision_manual,nombre_ambiguo
432407,Julián Fernández,New York City FC,necesita_revision_manual,nombre_ambiguo
527718,Junior Ajayi,Verona,necesita_revision_manual,nombre_ambiguo
455459,Junior Diaz,Brest,necesita_revision_manual,nombre_ambiguo
370255,Junya Ito,Japan,necesita_revision_manual,nombre_ambiguo
422741,Justin Smith,Espanyol,necesita_revision_manual,nombre_ambiguo
41868,Jóhann Gudmundsson,Burnley,necesita_revision_manual,nombre_ambiguo
412349,Kacper Kozlowski,Vitesse,necesita_revision_manual,sin_candidatos_exactos
414593,Kacper Urbanski,Monza,necesita_revision_manual,nombre_ambiguo
416798,Kaiky,Almeria,necesita_revision_manual,nombre_ambiguo
467072,Kassoum Ouattara,Monaco,necesita_revision_manual,nombre_ambiguo
416803,Kayky,Sparta Rotterdam,necesita_revision_manual,nombre_ambiguo
471074,Keegan Hughes,New England Revolution,necesita_revision_manual,nombre_ambiguo
132838,Kenedy,Real Valladolid,necesita_revision_manual,nombre_ambiguo
82917,Kenny McLean,Scotland,necesita_revision_manual,nombre_ambiguo
402679,Kevin Medina,Qarabag FK,necesita_revision_manual,nombre_ambiguo
136812,Kevin Müller,FC Heidenheim,necesita_revision_manual,nombre_ambiguo
72266,Kevin Vogt,Union Berlin,necesita_revision_manual,nombre_ambiguo
279512,Kevin Vázquez,Celta Vigo,necesita_revision_manual,nombre_ambiguo
510854,Kofi Amoako,Wolfsburg,necesita_revision_manual,nombre_ambiguo
123947,Koka,Le Havre,necesita_revision_manual,sin_candidatos_exactos
70149,Konstantinos Manolas,Salernitana,necesita_revision_manual,nombre_ambiguo
395381,Kornelius Hansen,Almere City FC,necesita_revision_manual,sin_candidatos_exactos
493169,Kwon Hyeok-Kyu,Nantes,necesita_revision_manual,sin_candidatos_exactos
371018,Kyle Smith,Orlando City,necesita_revision_manual,nombre_ambiguo
404245,Ladislav Krejcí,Czechia,necesita_revision_manual,nombre_ambiguo
308754,Lazaros Lamprou,Excelsior,necesita_revision_manual,sin_candidatos_exactos
364232,Lewis Morgan,Red Bull New York,necesita_revision_manual,nombre_ambiguo
135481,Liam Henderson,Empoli,necesita_revision_manual,nombre_ambiguo
148546,Lorenzo Pellegrini,Roma,necesita_revision_manual,nombre_ambiguo
471043,Lorran,Pisa,necesita_revision_manual,nombre_ambiguo
366981,Luca Orellano,FC Cincinnati,necesita_revision_manual,nombre_ambiguo
365410,Lucas Beltrán,Valencia,necesita_revision_manual,nombre_ambiguo
375340,Lucas Perrin,Strasbourg,necesita_revision_manual,nombre_ambiguo
135663,Lucas Pérez,PSV Eindhoven,necesita_revision_manual,nombre_ambiguo
517097,Lucas Sanabria,LA Galaxy,necesita_revision_manual,nombre_ambiguo
144511,Lucas Vázquez,Bayer Leverkusen,necesita_revision_manual,nombre_ambiguo
142312,Lucho Acosta,FC Dallas,necesita_revision_manual,sin_candidatos_exactos
376150,Luis Barraza,DC United,necesita_revision_manual,nombre_ambiguo
447642,Luis Chávez,Mexico,necesita_revision_manual,nombre_ambiguo
377168,Luis Díaz,Colombia,necesita_revision_manual,nombre_ambiguo
378710,Luis Díaz,New England Revolution,necesita_revision_manual,nombre_ambiguo
294139,Luis Hernández,Cadiz,necesita_revision_manual,nombre_ambiguo
279320,Luis Milla,Getafe,necesita_revision_manual,nombre_ambiguo
84190,Luis Muriel,Orlando City,necesita_revision_manual,nombre_ambiguo
319878,Luis Pérez,Real Valladolid,necesita_revision_manual,nombre_ambiguo
408030,Luis Vázquez,Getafe,necesita_revision_manual,nombre_ambiguo
397587,Luiz Henrique,Brazil,necesita_revision_manual,nombre_ambiguo
315755,Luka Jovic,AC Milan,necesita_revision_manual,nombre_ambiguo
534227,Luka Tunjic,Fortuna Sittard,necesita_revision_manual,nombre_ambiguo
403645,Lukas Engel,FC Cincinnati,necesita_revision_manual,nombre_ambiguo
20973,Lukasz Fabianski,West Ham,necesita_revision_manual,sin_candidatos_exactos
118244,Luke Shaw,Man Utd,necesita_revision_manual,nombre_ambiguo
330780,László Bénes,Union Berlin,necesita_revision_manual,nombre_ambiguo
372454,Magnus Knudsen,Holstein Kiel,necesita_revision_manual,nombre_ambiguo
551610,Mahmoud Saber,Egypt,necesita_revision_manual,nombre_ambiguo
470606,Malick Mbaye,Metz,necesita_revision_manual,nombre_ambiguo
335093,Mamadou Coulibaly,Salernitana,necesita_revision_manual,nombre_ambiguo
29575,Mamadou Sakho,Montpellier,necesita_revision_manual,nombre_ambiguo
294008,Mamadou Sylla,Real Valladolid,necesita_revision_manual,nombre_ambiguo
578374,Manu Fernández,Celta Vigo,necesita_revision_manual,nombre_ambiguo
122062,Marc Martínez,Granada,necesita_revision_manual,nombre_ambiguo
526254,Marcelo Morales,Red Bull New York,necesita_revision_manual,nombre_ambiguo
383277,Marco Sala,Lecce,necesita_revision_manual,nombre_ambiguo
303729,Marcos Acuña,Sevilla,necesita_revision_manual,nombre_ambiguo
84008,Marcos Alonso,Celta Vigo,necesita_revision_manual,nombre_ambiguo
481815,Marcos Peña,Almeria,necesita_revision_manual,nombre_ambiguo
510601,Marcus Müller,Mainz 05,necesita_revision_manual,nombre_ambiguo
444226,Marezi,Almeria,necesita_revision_manual,sin_candidatos_exactos
111801,Marius Müller,Wolfsburg,necesita_revision_manual,nombre_ambiguo
244779,Marko Grujic,Serbia,necesita_revision_manual,nombre_ambiguo
523348,Marko Mladenovic,Eintracht Frankfurt,necesita_revision_manual,nombre_ambiguo
131382,Marlon,Los Angeles FC,necesita_revision_manual,nombre_ambiguo
419077,Marquinhos,Nantes,necesita_revision_manual,nombre_ambiguo
144710,Marvin Friedrich,Borussia M.Gladbach,necesita_revision_manual,nombre_ambiguo
535630,Marwann N'Zuzi,Saint-Etienne,necesita_revision_manual,sin_candidatos_exactos
454333,Mateja Milovanovic,SC Heerenveen,necesita_revision_manual,nombre_ambiguo
534332,Mateo Flores,Real Betis,necesita_revision_manual,nombre_ambiguo
93894,Mateo Kovacic,Croatia,necesita_revision_manual,nombre_ambiguo
494122,Mateo Mejía,Sevilla,necesita_revision_manual,nombre_ambiguo
533139,Mateusz Kowalski,Parma Calcio 1913,necesita_revision_manual,nombre_ambiguo
428092,Mateusz Legowski,Salernitana,necesita_revision_manual,sin_candidatos_exactos
296521,Matheus,Ajax,necesita_revision_manual,sin_candidatos_exactos
362758,Matheus Cunha,Brazil,necesita_revision_manual,nombre_ambiguo
348667,Matheus Henrique,Sassuolo,necesita_revision_manual,nombre_ambiguo
397828,Matheus Nascimento,LA Galaxy,necesita_revision_manual,nombre_ambiguo
283978,Matheus Reis,Sporting,necesita_revision_manual,nombre_ambiguo
371560,Mathias Jørgensen,Bodoe/Glimt,necesita_revision_manual,nombre_ambiguo
383287,Mathias Olesen,FC Koln,necesita_revision_manual,nombre_ambiguo
94042,Matt Doherty,Wolves,necesita_revision_manual,nombre_ambiguo
533880,Matteo Cocchi,Inter,necesita_revision_manual,nombre_ambiguo
273267,Matías Rojas,Portland Timbers,necesita_revision_manual,nombre_ambiguo
444230,Max Svensson,Osasuna,necesita_revision_manual,nombre_ambiguo
301024,Max Wöber,Werder Bremen,necesita_revision_manual,sin_candidatos_exactos
361686,Maximilian Bauer,Augsburg,necesita_revision_manual,nombre_ambiguo
358798,Mehdi Torabi,Iran,necesita_revision_manual,nombre_ambiguo
497203,Mehmet Yüksel,Sparta Rotterdam,necesita_revision_manual,nombre_ambiguo
445156,Michael Edwards,Colorado Rapids,necesita_revision_manual,nombre_ambiguo
322776,Michael Pinto,Vitesse,necesita_revision_manual,sin_candidatos_exactos
556351,Michael Sullivan,Toronto FC,necesita_revision_manual,nombre_ambiguo
399952,Miguel Rodríguez,FC Utrecht,necesita_revision_manual,nombre_ambiguo
462768,Miguel Román,Celta Vigo,necesita_revision_manual,nombre_ambiguo
437295,Miguel Ángel Brau,Granada,necesita_revision_manual,nombre_ambiguo
312994,Milad Mohammadi,Iran,necesita_revision_manual,nombre_ambiguo
298436,Milos Pantovic,Union Berlin,necesita_revision_manual,nombre_ambiguo
141399,Milos Veljkovic,Werder Bremen,necesita_revision_manual,nombre_ambiguo
130056,Mirko Maric,Venezia,necesita_revision_manual,nombre_ambiguo
538545,Mohamed Bamba,Reims,necesita_revision_manual,nombre_ambiguo
392645,Mohamed Camara,Monaco,necesita_revision_manual,nombre_ambiguo
450471,Mohamed Hany,Egypt,necesita_revision_manual,nombre_ambiguo
108226,Mohamed Salah,Egypt,necesita_revision_manual,nombre_ambiguo
467963,Mohammad Ghorbani,Iran,necesita_revision_manual,nombre_ambiguo
425086,Mohammad Mohebbi,Iran,necesita_revision_manual,sin_candidatos_exactos
443905,Mohammed Fuseini,Union St.Gilloise,necesita_revision_manual,nombre_ambiguo
409318,Momo Mbaye,Cadiz,necesita_revision_manual,nombre_ambiguo
512753,Mostafa Zico,Egypt,necesita_revision_manual,sin_candidatos_exactos
383816,Mousa Al Tamari,Jordan,necesita_revision_manual,sin_candidatos_exactos
353397,Moussa Diaby,Aston Villa,necesita_revision_manual,nombre_ambiguo
29595,Moussa Sissoko,Nantes,necesita_revision_manual,nombre_ambiguo
426340,Muhammed Cham,Slavia Prague,necesita_revision_manual,nombre_ambiguo
447649,Musaab Khidir,Qatar,necesita_revision_manual,sin_candidatos_exactos
252217,Mërgim Berisha,Augsburg,necesita_revision_manual,nombre_ambiguo
106875,Nacho,Real Madrid,necesita_revision_manual,sin_candidatos_exactos
400056,Nathangelo Markelo,Fortuna Sittard,necesita_revision_manual,sin_candidatos_exactos
302441,Nemanja Radonjic,Mallorca,necesita_revision_manual,nombre_ambiguo
296202,Neofytos Michael,Pafos FC,necesita_revision_manual,sin_candidatos_exactos
50835,Neymar,Brazil,necesita_revision_manual,nombre_ambiguo
540726,Niama Sissoko,Reims,necesita_revision_manual,sin_candidatos_exactos
582716,Nicklaus Sullivan,LA Galaxy,necesita_revision_manual,sin_candidatos_exactos
422939,Nico González,Man City,necesita_revision_manual,nombre_ambiguo
408449,Nico Williams,Spain,necesita_revision_manual,nombre_ambiguo
111891,Nicolae Stanciu,Genoa,necesita_revision_manual,nombre_ambiguo
344206,Nicolas Haas,Empoli,necesita_revision_manual,nombre_ambiguo
43834,Nicolas Nkoulou,Cameroon,necesita_revision_manual,sin_candidatos_exactos
67307,Nicolas Viola,Cagliari,necesita_revision_manual,nombre_ambiguo
551749,Nicolás Rodríguez,Orlando City,necesita_revision_manual,nombre_ambiguo
363666,Nikola Katic,Bosnia and Herzegovina,necesita_revision_manual,nombre_ambiguo
98631,Nikola Maksimovic,Montpellier,necesita_revision_manual,nombre_ambiguo
471974,Nikola Petkovic,Charlotte FC,necesita_revision_manual,nombre_ambiguo
476980,Nikola Sekulov,Juventus,necesita_revision_manual,nombre_ambiguo
383778,Njegos Petrovic,Granada,necesita_revision_manual,nombre_ambiguo
422720,Noah Weisshaupt,St. Pauli,necesita_revision_manual,sin_candidatos_exactos
106967,Nícolas,Pisa,necesita_revision_manual,sin_candidatos_exactos
382277,Odin Holm,Los Angeles FC,necesita_revision_manual,sin_candidatos_exactos
485191,Omar Haktab Traoré,FC Heidenheim,necesita_revision_manual,sin_candidatos_exactos
146725,Omenuke Mfulu,Las Palmas,necesita_revision_manual,sin_candidatos_exactos
509708,Oscar Pettersson,Go Ahead Eagles,necesita_revision_manual,nombre_ambiguo
511064,Oso,Sevilla,necesita_revision_manual,sin_candidatos_exactos
484707,Oussama Benbot,Algeria,necesita_revision_manual,sin_candidatos_exactos
459082,Pablo Durán,Celta Vigo,necesita_revision_manual,nombre_ambiguo
142436,Pablo Galdames,Genoa,necesita_revision_manual,nombre_ambiguo
388808,Pablo Martínez,Levante,necesita_revision_manual,nombre_ambiguo
443664,Pablo Ortíz,Houston Dynamo FC,necesita_revision_manual,nombre_ambiguo
504365,Paco Sanz,Almeria,necesita_revision_manual,nombre_ambiguo
470608,Papa Diallo,Metz,necesita_revision_manual,sin_candidatos_exactos
289330,Pape Cissé,Senegal,necesita_revision_manual,sin_candidatos_exactos
462111,Pape Diop,Toulouse,necesita_revision_manual,nombre_ambiguo
141231,Pascal Stenzel,VfB Stuttgart,necesita_revision_manual,nombre_ambiguo
402120,Pascu,Almere City FC,necesita_revision_manual,sin_candidatos_exactos
140261,Patric,Lazio,necesita_revision_manual,sin_candidatos_exactos
474691,Patrick Agyemang,Charlotte FC,necesita_revision_manual,nombre_ambiguo
83234,Patrick Herrmann,Borussia M.Gladbach,necesita_revision_manual,nombre_ambiguo
136462,Patrick Roberts,Sunderland,necesita_revision_manual,nombre_ambiguo
548300,Paul Hennrich,Hoffenheim,necesita_revision_manual,nombre_ambiguo
570078,Paul Okon-Engstler,Australia,necesita_revision_manual,nombre_ambiguo
121577,Pawel Dawidowicz,Verona,necesita_revision_manual,sin_candidatos_exactos
458922,Pedrinho,FC Dallas,necesita_revision_manual,nombre_ambiguo
44055,Pedro,Lazio,necesita_revision_manual,nombre_ambiguo
478316,Pedro Felipe,Sassuolo,necesita_revision_manual,nombre_ambiguo
532920,Pedro Lima,Wolves,necesita_revision_manual,nombre_ambiguo
367813,Pedro Marques,NEC Nijmegen,necesita_revision_manual,nombre_ambiguo
377210,Pedro Miguel,Qatar,necesita_revision_manual,sin_candidatos_exactos
70676,Pedro Obiang,Sassuolo,necesita_revision_manual,nombre_ambiguo
294164,Pedro Pereira,Monza,necesita_revision_manual,nombre_ambiguo
112788,Petar Stojanovic,Empoli,necesita_revision_manual,nombre_ambiguo
367534,Philipp Sander,Borussia M.Gladbach,necesita_revision_manual,nombre_ambiguo
430933,Pico Lopes,Cabo Verde,necesita_revision_manual,sin_candidatos_exactos
339506,Przemyslaw Szyminski,Frosinone,necesita_revision_manual,sin_candidatos_exactos
145777,Rafael Borré,Werder Bremen,necesita_revision_manual,sin_candidatos_exactos
364781,Rafael Santos,Colorado Rapids,necesita_revision_manual,nombre_ambiguo
319410,Raheem Edwards,Red Bull New York,necesita_revision_manual,nombre_ambiguo
536136,Ramón Martínez,Sevilla,necesita_revision_manual,nombre_ambiguo
115375,Raphaël Guerreiro,Bayern Munchen,necesita_revision_manual,nombre_ambiguo
302812,Rasmus Kristensen,Eintracht Frankfurt,necesita_revision_manual,nombre_ambiguo
33451,Raúl Fernández,Granada,necesita_revision_manual,nombre_ambiguo
11386,Raúl García,Athletic Club,necesita_revision_manual,nombre_ambiguo
416884,Ricardinho,Kairat Almaty,necesita_revision_manual,nombre_ambiguo
29400,Robert Lewandowski,Barcelona,necesita_revision_manual,nombre_ambiguo
130254,Robert Taylor,Austin FC,necesita_revision_manual,nombre_ambiguo
433838,Robert Wagner,St. Pauli,necesita_revision_manual,nombre_ambiguo
402823,Rodrigo Gomes,Wolves,necesita_revision_manual,nombre_ambiguo
601739,Rodrigo Rêgo,Benfica,necesita_revision_manual,nombre_ambiguo
318734,Rodrigues,San Jose Earthquakes,necesita_revision_manual,sin_candidatos_exactos
397143,Ross Stewart,Scotland,necesita_revision_manual,nombre_ambiguo
349496,Ruan Tressoldi,Sassuolo,necesita_revision_manual,sin_candidatos_exactos
120335,Rubén Blanco,Marseille,necesita_revision_manual,nombre_ambiguo
118479,Rubén Peña,Osasuna,necesita_revision_manual,nombre_ambiguo
530544,Rubén Ramos,LA Galaxy,necesita_revision_manual,nombre_ambiguo
444652,Rui Mendes,FC Groningen,necesita_revision_manual,nombre_ambiguo
238244,Rúben Neves,Portugal,necesita_revision_manual,nombre_ambiguo
538461,Saliou Diop,Brest,necesita_revision_manual,nombre_ambiguo
554086,Sam Williams,Chicago Fire FC,necesita_revision_manual,nombre_ambiguo
420235,Samuel Gouet,Cameroon,necesita_revision_manual,sin_candidatos_exactos
444234,Santi García,Getafe,necesita_revision_manual,nombre_ambiguo
444241,Santiago Bueno,Wolves,necesita_revision_manual,nombre_ambiguo
550683,Santiago Muñóz,Sporting Kansas City,necesita_revision_manual,nombre_ambiguo
397821,Savinho,Man City,necesita_revision_manual,nombre_ambiguo
379712,Saïd Bakari,Sparta Rotterdam,necesita_revision_manual,nombre_ambiguo
112161,Saúl,Sevilla,necesita_revision_manual,sin_candidatos_exactos
412751,Sebastian Kowalczyk,Houston Dynamo FC,necesita_revision_manual,nombre_ambiguo
319594,Sebastian Szymanski,Rennes,necesita_revision_manual,nombre_ambiguo
448735,Sebastián Cáceres,Uruguay,necesita_revision_manual,nombre_ambiguo
569005,Sekou Keita,Union St.Gilloise,necesita_revision_manual,nombre_ambiguo
457171,Semih Kiliçsoy,Cagliari,necesita_revision_manual,sin_candidatos_exactos
433519,Serge Ngoma,Red Bull New York,necesita_revision_manual,nombre_ambiguo
90778,Sergi Gómez,Espanyol,necesita_revision_manual,nombre_ambiguo
551134,Sergio Arribas,Real Betis,necesita_revision_manual,nombre_ambiguo
448220,Sergio González,Leganes,necesita_revision_manual,nombre_ambiguo
349661,Sergio Lozano,Levante,necesita_revision_manual,nombre_ambiguo
9909,Sergio Ramos,Sevilla,necesita_revision_manual,nombre_ambiguo
433528,Sergio Ruiz,Granada,necesita_revision_manual,nombre_ambiguo
448222,Seydouba Cissé,Leganes,necesita_revision_manual,nombre_ambiguo
143724,Shogo Taniguchi,Japan,necesita_revision_manual,nombre_ambiguo
505284,Sidny Cabral,Cabo Verde,necesita_revision_manual,sin_candidatos_exactos
20769,Simon Kjær,AC Milan,necesita_revision_manual,sin_candidatos_exactos
327724,Simon Olsson,SC Heerenveen,necesita_revision_manual,nombre_ambiguo
321062,Sondre Fet,Bodoe/Glimt,necesita_revision_manual,sin_candidatos_exactos
333224,Sory Kaba,Las Palmas,necesita_revision_manual,nombre_ambiguo
433579,Soumaïla Coulibaly,Brest,necesita_revision_manual,nombre_ambiguo
549079,Souza,Tottenham,necesita_revision_manual,sin_candidatos_exactos
428301,Stefan Mitrovic,Excelsior,necesita_revision_manual,nombre_ambiguo
84041,Stefan Mitrovic,Getafe,necesita_revision_manual,nombre_ambiguo
77564,Stefan Savic,Atletico,necesita_revision_manual,nombre_ambiguo
452620,Sultan Al Brake,Qatar,necesita_revision_manual,sin_candidatos_exactos
123178,Sven Michel,Augsburg,necesita_revision_manual,nombre_ambiguo
371011,Sérgio Santos,Houston Dynamo FC,necesita_revision_manual,nombre_ambiguo
332975,Taha Khenissi,Tunisia,necesita_revision_manual,sin_candidatos_exactos
457247,Teboho Mokoena,South Africa,necesita_revision_manual,nombre_ambiguo
446729,Thiago Fernández,Real Oviedo,necesita_revision_manual,nombre_ambiguo
28550,Thiago Silva,Chelsea,necesita_revision_manual,nombre_ambiguo
419942,Thomas Keller,FC Heidenheim,necesita_revision_manual,nombre_ambiguo
433588,Thomas Williams,Orlando City,necesita_revision_manual,nombre_ambiguo
323169,Timo Becker,Holstein Kiel,necesita_revision_manual,nombre_ambiguo
276756,Tobias Lauritsen,Sparta Rotterdam,necesita_revision_manual,nombre_ambiguo
374366,Tom Barlow,Chicago Fire FC,necesita_revision_manual,nombre_ambiguo
431282,Tom Bischof,Bayern Munchen,necesita_revision_manual,nombre_ambiguo
316077,Tom Davies,Sheff Utd,necesita_revision_manual,nombre_ambiguo
495756,Tommaso Martinelli,Fiorentina,necesita_revision_manual,nombre_ambiguo
458333,Tomás Rodríguez,Panama,necesita_revision_manual,nombre_ambiguo
431283,Toti Gomes,Wolves,necesita_revision_manual,sin_candidatos_exactos
313545,Trezeguet,Egypt,necesita_revision_manual,nombre_ambiguo
368409,Trincão,Portugal,necesita_revision_manual,sin_candidatos_exactos
366558,Tuta,Eintracht Frankfurt,necesita_revision_manual,nombre_ambiguo
554592,Téo Barisic,Lyon,necesita_revision_manual,nombre_ambiguo
131037,Unai García,Osasuna,necesita_revision_manual,nombre_ambiguo
480619,Unai Gómez,Athletic Club,necesita_revision_manual,nombre_ambiguo
555515,Valde,Real Madrid,necesita_revision_manual,sin_candidatos_exactos
255776,Viktor Kovalenko,Empoli,necesita_revision_manual,nombre_ambiguo
23545,Vincenzo Fiorillo,Salernitana,necesita_revision_manual,nombre_ambiguo
349504,Vitinho,Burnley,necesita_revision_manual,nombre_ambiguo
291964,Václav Cerny,Wolfsburg,necesita_revision_manual,nombre_ambiguo
34525,Víctor Díaz,Granada,necesita_revision_manual,nombre_ambiguo
548106,Víctor Muñoz,Osasuna,necesita_revision_manual,nombre_ambiguo
147923,Walace,Udinese,necesita_revision_manual,nombre_ambiguo
439650,Wesley,Real Sociedad,necesita_revision_manual,nombre_ambiguo
102023,Weverton,Brazil,necesita_revision_manual,nombre_ambiguo
413729,Wiki Carmona,Red Bull New York,necesita_revision_manual,sin_candidatos_exactos
442600,William Agada,Real Salt Lake,necesita_revision_manual,sin_candidatos_exactos
450472,Yasser Ibrahim,Egypt,necesita_revision_manual,nombre_ambiguo
136220,Yassine Bounou,Morocco,necesita_revision_manual,nombre_ambiguo
425060,Yerson Mosquera,Wolves,necesita_revision_manual,nombre_ambiguo
399827,Yevhen Cheberko,Columbus Crew,necesita_revision_manual,sin_candidatos_exactos
568295,Yoon Do-Young,Excelsior,necesita_revision_manual,sin_candidatos_exactos
602850,Zaid Ismael,Iraq,necesita_revision_manual,sin_candidatos_exactos
136481,Zeki Çelik,Turkiye,necesita_revision_manual,nombre_ambiguo
321235,Àlex Carbonell,Almere City FC,necesita_revision_manual,nombre_ambiguo
95551,Álex Fernández,Cadiz,necesita_revision_manual,nombre_ambiguo
497295,Álex Jiménez,Bournemouth,necesita_revision_manual,nombre_ambiguo
140982,Álex Muñoz,Las Palmas,necesita_revision_manual,nombre_ambiguo
370000,Álex Sola,Getafe,necesita_revision_manual,nombre_ambiguo
328315,Álvaro Fernández,Sevilla,necesita_revision_manual,nombre_ambiguo
509876,Álvaro Núñez,Celta Vigo,necesita_revision_manual,nombre_ambiguo
122130,Álvaro Peña,Almere City FC,necesita_revision_manual,nombre_ambiguo
460772,Álvaro Rodríguez,Elche,necesita_revision_manual,nombre_ambiguo
312851,Álvaro Tejero,Espanyol,necesita_revision_manual,nombre_ambiguo
127604,Ángel Correa,Atletico,necesita_revision_manual,nombre_ambiguo
404491,Ângelo,Strasbourg,necesita_revision_manual,sin_candidatos_exactos
362556,Éderson Silva,Brazil,necesita_revision_manual,sin_candidatos_exactos
137460,Érick Gutiérrez,Mexico,necesita_revision_manual,nombre_ambiguo
444157,Étienne Youté,Le Havre,necesita_revision_manual,sin_candidatos_exactos
113708,Óliver Torres,Sevilla,necesita_revision_manual,nombre_ambiguo
446163,Óscar Cortés,Lens,necesita_revision_manual,nombre_ambiguo
353783,Óscar Rodríguez,Leganes,necesita_revision_manual,nombre_ambiguo
123632,Abderrazzaq Hamed-Allah,Morocco,sin_match,sin_resultados_en_transfermarkt
447660,Abdulelah Al Amri,Saudi Arabia,sin_match,sin_resultados_en_transfermarkt
458372,Abdulelah Al Malki,Saudi Arabia,sin_match,sin_resultados_en_transfermarkt
447663,Abdullah Al Hamddan,Saudi Arabia,sin_match,sin_resultados_en_transfermarkt
333478,Abdullah Al Khaibari,Saudi Arabia,sin_match,sin_resultados_en_transfermarkt
447671,Abdulrahman Al Obud,Saudi Arabia,sin_match,sin_resultados_en_transfermarkt
135572,Adri Embarba,Rayo Vallecano,sin_match,sin_resultados_en_transfermarkt
513008,Ahmed Al Ganehi,Qatar,sin_match,sin_resultados_en_transfermarkt
528486,Al Hashmi Al Hussain,Qatar,sin_match,sin_resultados_en_transfermarkt
623444,Alaa Al Hejji,Saudi Arabia,sin_match,sin_resultados_en_transfermarkt
293721,Ali Al Bulayhi,Saudi Arabia,sin_match,sin_resultados_en_transfermarkt
447659,Ali Al Hassan,Saudi Arabia,sin_match,sin_resultados_en_transfermarkt
419917,Ameen Al Dakhil,VfB Stuttgart,sin_match,sin_resultados_en_transfermarkt
407877,Amir Al Ammari,Iraq,sin_match,sin_resultados_en_transfermarkt
555050,Ange Tia,Reims,sin_match,sin_resultados_en_transfermarkt
511381,Ange-Loïc N’Gatta,Auxerre,sin_match,sin_resultados_en_transfermarkt
424502,Anselmo MacNulty,PEC Zwolle,sin_match,sin_resultados_en_transfermarkt
242776,Anuar Tuhami,Real Valladolid,sin_match,sin_resultados_en_transfermarkt
486947,Augustín Anello,Sparta Rotterdam,sin_match,sin_resultados_en_transfermarkt
586823,Ayoub Al Oui,Qatar,sin_match,sin_resultados_en_transfermarkt
569446,Azamat Tuyakbayev,Kairat Almaty,sin_match,sin_resultados_en_transfermarkt
414570,Aziel Jackson,Columbus Crew,sin_match,sin_resultados_en_transfermarkt
458631,Aziz G'aniev,Uzbekistan,sin_match,sin_resultados_en_transfermarkt
455418,Azizbek Amonov,Uzbekistan,sin_match,sin_resultados_en_transfermarkt
377212,Bassam Al Rawi,Qatar,sin_match,sin_resultados_en_transfermarkt
321008,Bjørn Utvik,Vancouver Whitecaps,sin_match,sin_resultados_en_transfermarkt
447605,Cho Gue-Sung,South Korea,sin_match,sin_resultados_en_transfermarkt
106883,Dani Carvajal,Real Madrid,sin_match,sin_resultados_en_transfermarkt
606390,Dani Meso,Real Madrid,sin_match,sin_resultados_en_transfermarkt
479298,Danilo Al Saed,SC Heerenveen,sin_match,sin_resultados_en_transfermarkt
458184,Eom Ji-Sung,South Korea,sin_match,sin_resultados_en_transfermarkt
29809,Eric Choupo-Moting,Red Bull New York,sin_match,sin_resultados_en_transfermarkt
537060,Etienne Eto'o Pineda,Rayo Vallecano,sin_match,sin_resultados_en_transfermarkt
444264,Facu González,Feyenoord,sin_match,sin_resultados_en_transfermarkt
447657,Feras Al Brikan,Saudi Arabia,sin_match,sin_resultados_en_transfermarkt
498897,Francisco Marizán,FC Volendam,sin_match,sin_resultados_en_transfermarkt
622120,Ganni Buyukhan,Fortuna Sittard,sin_match,sin_resultados_en_transfermarkt
366705,Giorgos Masouras,Bochum,sin_match,sin_resultados_en_transfermarkt
431063,Hamdi Fathy,Egypt,sin_match,sin_resultados_en_transfermarkt
37757,Hassan Al Haydos,Qatar,sin_match,sin_resultados_en_transfermarkt
447676,Hassan Al Tambakti,Saudi Arabia,sin_match,sin_resultados_en_transfermarkt
107840,Hatan Bahbri,Saudi Arabia,sin_match,sin_resultados_en_transfermarkt
447650,Homam El Amin,Qatar,sin_match,sin_resultados_en_transfermarkt
449357,Hong Hyun-Seok,Nantes,sin_match,sin_resultados_en_transfermarkt
262854,Hwang Hee-Chan,South Korea,sin_match,sin_resultados_en_transfermarkt
371030,Hwang In-Beom,South Korea,sin_match,sin_resultados_en_transfermarkt
395826,Isak Määttä,Bodoe/Glimt,sin_match,sin_resultados_en_transfermarkt
447653,Ismaeel Mohammad,Qatar,sin_match,sin_resultados_en_transfermarkt
519288,Jeong Ho-Yeon,Minnesota United,sin_match,sin_resultados_en_transfermarkt
450274,Jeong Sang-Bin,St. Louis City,sin_match,sin_resultados_en_transfermarkt
511704,Joachim Kayi-Sanda,Southampton,sin_match,sin_resultados_en_transfermarkt
413346,Jon Olasagasti,Levante,sin_match,sin_resultados_en_transfermarkt
441888,Jones El Abdellaoui,Celta Vigo,sin_match,sin_resultados_en_transfermarkt
109681,Jung Woo-Young,South Korea,sin_match,sin_resultados_en_transfermarkt
463412,Jérôme Mbekeli,Cameroon,sin_match,sin_resultados_en_transfermarkt
236504,Karl Toko-Ekambi,Cameroon,sin_match,sin_resultados_en_transfermarkt
455410,Khojiakbar Alijonov,Uzbekistan,sin_match,sin_resultados_en_transfermarkt
492686,Kim Ji-Soo,Brentford,sin_match,sin_resultados_en_transfermarkt
447598,Kim Jin-Gyu,South Korea,sin_match,sin_resultados_en_transfermarkt
137167,Kim Jin-Su,South Korea,sin_match,sin_resultados_en_transfermarkt
499171,Kim Joon-Hong,DC United,sin_match,sin_resultados_en_transfermarkt
142047,Kim Kee-Hee,Seattle Sounders FC,sin_match,sin_resultados_en_transfermarkt
370912,Kim Min-Jae,South Korea,sin_match,sin_resultados_en_transfermarkt
414214,Kim Moon-Hwan,South Korea,sin_match,sin_resultados_en_transfermarkt
71968,Kim Seung-Gyu,South Korea,sin_match,sin_resultados_en_transfermarkt
84086,Kim Young-Gwon,South Korea,sin_match,sin_resultados_en_transfermarkt
399852,Konan N’Dri,Lecce,sin_match,sin_resultados_en_transfermarkt
127274,Kwon Chang-Hoon,South Korea,sin_match,sin_resultados_en_transfermarkt
126408,Kwon Kyung-Won,South Korea,sin_match,sin_resultados_en_transfermarkt
447593,Lee Gi-Hyuk,South Korea,sin_match,sin_resultados_en_transfermarkt
531031,Lee Han-Beom,South Korea,sin_match,sin_resultados_en_transfermarkt
142959,Lee Jae-Sung,South Korea,sin_match,sin_resultados_en_transfermarkt
367780,Lee Kang-In,South Korea,sin_match,sin_resultados_en_transfermarkt
560835,Lee Tae-Seok,South Korea,sin_match,sin_resultados_en_transfermarkt
524192,Maat Caprini,Fiorentina,sin_match,sin_resultados_en_transfermarkt
295226,Mahmoud Al Mardi,Jordan,sin_match,sin_resultados_en_transfermarkt
239022,Marvin Marcel Schulz,Holstein Kiel,sin_match,sin_resultados_en_transfermarkt
476815,Marwan Attia,Egypt,sin_match,sin_resultados_en_transfermarkt
495545,Mateja Djordevic,Austin FC,sin_match,sin_resultados_en_transfermarkt
579098,Mathys Silistre,Rennes,sin_match,sin_resultados_en_transfermarkt
520199,Matt Edwards,Atlanta United,sin_match,sin_resultados_en_transfermarkt
136071,Mitch Duke,Australia,sin_match,sin_resultados_en_transfermarkt
431371,Mohamed Amine Ben Hmida,Tunisia,sin_match,sin_resultados_en_transfermarkt
431119,Mohamed Ben Romdhane,Tunisia,sin_match,sin_resultados_en_transfermarkt
519101,Mohamed Benoit-Dao,Paris FC,sin_match,sin_resultados_en_transfermarkt
545888,Mohamed Meïté,Rennes,sin_match,sin_resultados_en_transfermarkt
480490,Mohammad Abu Al Nadi,Jordan,sin_match,sin_resultados_en_transfermarkt
457084,Mohammad Abu Zraiq,Jordan,sin_match,sin_resultados_en_transfermarkt
562781,Mohammad Al Daoud,Jordan,sin_match,sin_resultados_en_transfermarkt
578636,Mohammad Al Manai,Qatar,sin_match,sin_resultados_en_transfermarkt
470595,Mohammed Abu Al Shamat,Saudi Arabia,sin_match,sin_resultados_en_transfermarkt
262315,Mohammed Al Burayk,Saudi Arabia,sin_match,sin_resultados_en_transfermarkt
146400,Mohammed Al Owais,Saudi Arabia,sin_match,sin_resultados_en_transfermarkt
431045,Mohammed Amoura,Algeria,sin_match,sin_resultados_en_transfermarkt
519797,Mostafa Shobeir,Egypt,sin_match,sin_resultados_en_transfermarkt
458371,Moteb Al Harbi,Saudi Arabia,sin_match,sin_resultados_en_transfermarkt
455266,Munaf Younus,Iraq,sin_match,sin_resultados_en_transfermarkt
474641,Munashe Garan'anga,Copenhagen,sin_match,sin_resultados_en_transfermarkt
470590,Musab Al Juwayr,Saudi Arabia,sin_match,sin_resultados_en_transfermarkt
409376,Mykhailo Mudryk,Chelsea,sin_match,sin_resultados_en_transfermarkt
447602,Na Sang-Ho,South Korea,sin_match,sin_resultados_en_transfermarkt
447662,Nasser Al Dawsari,Saudi Arabia,sin_match,sin_resultados_en_transfermarkt
83946,Nawaf Al Abid,Saudi Arabia,sin_match,sin_resultados_en_transfermarkt
458392,Nawaf Bu Washl,Saudi Arabia,sin_match,sin_resultados_en_transfermarkt
146355,Nicolas Ngamaleu,Cameroon,sin_match,sin_resultados_en_transfermarkt
464861,Nizar Al Rashdan,Jordan,sin_match,sin_resultados_en_transfermarkt
457085,Noor Al Rawabdeh,Jordan,sin_match,sin_resultados_en_transfermarkt
455413,Odiljon Khamrobekov,Uzbekistan,sin_match,sin_resultados_en_transfermarkt
461463,Oh Hyeon-Gyu,South Korea,sin_match,sin_resultados_en_transfermarkt
138695,Oliver McBurnie,Las Palmas,sin_match,sin_resultados_en_transfermarkt
143655,Pacha Espino,Rayo Vallecano,sin_match,sin_resultados_en_transfermarkt
362786,Paik Seung-Ho,South Korea,sin_match,sin_resultados_en_transfermarkt
510164,Park Jin-Seob,South Korea,sin_match,sin_resultados_en_transfermarkt
135717,Pelly Mpanzu,Luton,sin_match,sin_resultados_en_transfermarkt
430083,Peter González,Getafe,sin_match,sin_resultados_en_transfermarkt
451513,Rúnar Sigurgeirsson,Willem II,sin_match,sin_resultados_en_transfermarkt
38340,Saad Al Sheeb,Qatar,sin_match,sin_resultados_en_transfermarkt
505334,Saed Al Rosan,Jordan,sin_match,sin_resultados_en_transfermarkt
312911,Saeid Ezatolahi,Iran,sin_match,sin_resultados_en_transfermarkt
121991,Saleh Al Shehri,Saudi Arabia,sin_match,sin_resultados_en_transfermarkt
111560,Salem Al Dawsari,Saudi Arabia,sin_match,sin_resultados_en_transfermarkt
86269,Salman Al Faraj,Saudi Arabia,sin_match,sin_resultados_en_transfermarkt
317358,Sami Al Naji,Saudi Arabia,sin_match,sin_resultados_en_transfermarkt
477549,Seol Young-Woo,South Korea,sin_match,sin_resultados_en_transfermarkt
403866,Shahriyar Moghanloo,Iran,sin_match,sin_resultados_en_transfermarkt
569452,Sherhan Kalmurza,Kairat Almaty,sin_match,sin_resultados_en_transfermarkt
91909,Son Heung-Min,South Korea,sin_match,sin_resultados_en_transfermarkt
457094,Son Jun-Ho,South Korea,sin_match,sin_resultados_en_transfermarkt
484419,Stefán Sigurdarson,Go Ahead Eagles,sin_match,sin_resultados_en_transfermarkt
447664,Sultan Al Ghannam,Saudi Arabia,sin_match,sin_resultados_en_transfermarkt
457175,Tai Abed,Levante,sin_match,sin_resultados_en_transfermarkt
406063,Thórir Helgason,Lecce,sin_match,sin_resultados_en_transfermarkt
376895,Valeri Gromyko,Kairat Almaty,sin_match,sin_resultados_en_transfermarkt
345516,Vitalii Mykolenko,Everton,sin_match,sin_resultados_en_transfermarkt
618134,Wedtoin Ouedraogo,Genoa,sin_match,sin_resultados_en_transfermarkt
554938,Wilfried Ndollo Bille,Montpellier,sin_match,sin_resultados_en_transfermarkt
447645,Yahya Attiat Allah,Morocco,sin_match,sin_resultados_en_transfermarkt
457093,Yang Hyun-Jun,South Korea,sin_match,sin_resultados_en_transfermarkt
119927,Yasser Al Shahrani,Saudi Arabia,sin_match,sin_resultados_en_transfermarkt
457088,Yazan Al Arab,Jordan,sin_match,sin_resultados_en_transfermarkt
603374,Younes el Meftahi,Sparta Rotterdam,sin_match,sin_resultados_en_transfermarkt
70080,Youssef El-Arabi,Nantes,sin_match,sin_resultados_en_transfermarkt
550549,Zabi Gueu,Reims,sin_match,sin_resultados_en_transfermarkt
